patch_id,visit,detection,time_decimal_bst,survey_effort,julian_day,temperature,rainfall,relative_humidity,cloud_amount,mean_wind_speed,mean_wind_direction
patch_01,visit_01,NA,NA,NA,NA,NA,NA,NA,NA,NA,NA
patch_02,visit_01,NA,NA,NA,NA,NA,NA,NA,NA,NA,NA
patch_03,visit_01,NA,NA,NA,NA,NA,NA,NA,NA,NA,NA
patch_04,visit_01,NA,NA,NA,NA,NA,NA,NA,NA,NA,NA
patch_05,visit_01,NA,NA,NA,NA,NA,NA,NA,NA,NA,NA
patch_06,visit_01,NA,NA,NA,NA,NA,NA,NA,NA,NA,NA
patch_07,visit_01,NA,NA,NA,NA,NA,NA,NA,NA,NA,NA
patch_08,visit_01,NA,NA,NA,NA,NA,NA,NA,NA,NA,NA
patch_09,visit_01,NA,NA,NA,NA,NA,NA,NA,NA,NA,NA
patch_10,visit_01,NA,NA,NA,NA,NA,NA,NA,NA,NA,NA
patch_11,visit_01,NA,NA,NA,NA,NA,NA,NA,NA,NA,NA
patch_12,visit_01,NA,NA,NA,NA,NA,NA,NA,NA,NA,NA
patch_13,visit_01,NA,NA,NA,NA,NA,NA,NA,NA,NA,NA
patch_14,visit_01,0,11.97666667,2,167,13.8,0,92.4,8,18,230
patch_15,visit_01,0,12.10277778,2,167,13.5,0,94.8,8,18,240
patch_16,visit_01,0,12.45472222,2,167,13.5,0,94.8,8,18,240
patch_17,visit_01,0,12.61083333,2,167,13.5,0,94.8,8,18,240
patch_18,visit_01,1,12.58888889,2,167,13.5,0,94.8,8,18,240
patch_19,visit_01,1,12.53083333,3,167,13.5,0,94.8,8,18,240
patch_20,visit_01,0,12.65388889,1,167,13.5,0,94.8,8,18,240
patch_21,visit_01,NA,NA,NA,NA,NA,NA,NA,NA,NA,NA
patch_22,visit_01,NA,NA,NA,NA,NA,NA,NA,NA,NA,NA
patch_23,visit_01,NA,NA,NA,NA,NA,NA,NA,NA,NA,NA
patch_24,visit_01,NA,NA,NA,NA,NA,NA,NA,NA,NA,NA
patch_25,visit_01,NA,NA,NA,NA,NA,NA,NA,NA,NA,NA
patch_26,visit_01,1,13.18305556,3,167,14.8,0,86.4,8,17,240
patch_27,visit_01,0,13.73138889,3,167,14.8,0,86.4,8,17,240
patch_28,visit_01,0,13.93611111,1,167,14.8,0,86.4,8,17,240
patch_29,visit_01,1,14.00583333,3,167,15.8,0,75.4,8,20,230
patch_30,visit_01,0,14.72194444,1,167,15.8,0,75.4,8,20,230
patch_31,visit_01,0,14.79194444,1,167,15.8,0,75.4,8,20,230
patch_32,visit_01,0,14.88194444,2,167,15.8,0,75.4,8,20,230
patch_33,visit_01,0,15.15583333,1,167,17.1,0,66.9,0,23,230
patch_01,visit_02,0,12.35,1,168,15.2,0,77.1,8,29,240
patch_02,visit_02,0,12.7,1,168,15.2,0,77.1,8,29,240
patch_03,visit_02,0,12.71888889,1,168,15.2,0,77.1,8,29,240
patch_04,visit_02,0,12.735,1,168,15.2,0,77.1,8,29,240
patch_05,visit_02,0,12.775,2,168,15.2,0,77.1,8,29,240
patch_06,visit_02,0,12.80611111,1,168,15.2,0,77.1,8,29,240
patch_07,visit_02,0,12.81027778,1,168,15.2,0,77.1,8,29,240
patch_08,visit_02,0,12.81361111,1,168,15.2,0,77.1,8,29,240
patch_09,visit_02,0,12.85055556,1,168,15.2,0,77.1,8,29,240
patch_10,visit_02,0,12.89333333,1,168,15.2,0,77.1,8,29,240
patch_11,visit_02,0,12.91638889,1,168,15.2,0,77.1,8,29,240
patch_12,visit_02,0,12.91666667,1,168,15.2,0,77.1,8,29,240
patch_13,visit_02,0,12.92222222,1,168,15.2,0,77.1,8,29,240
patch_14,visit_02,1,11.39083333,3,168,15.7,0,78.2,8,26,240
patch_15,visit_02,0,11.5,2,168,15.7,0,78.2,8,26,240
patch_16,visit_02,0,11.53916667,2,168,15.7,0,78.2,8,26,240
patch_17,visit_02,0,11.55277778,2,168,15.7,0,78.2,8,26,240
patch_18,visit_02,0,11.7525,2,168,15.7,0,78.2,8,26,240
patch_19,visit_02,0,10.91666667,3,168,14.4,0,84.1,8,23,240
patch_20,visit_02,0,11,1,168,15.7,0,78.2,8,26,240
patch_21,visit_02,NA,NA,NA,NA,NA,NA,NA,NA,NA,NA
patch_22,visit_02,NA,NA,NA,NA,NA,NA,NA,NA,NA,NA
patch_23,visit_02,NA,NA,NA,NA,NA,NA,NA,NA,NA,NA
patch_24,visit_02,NA,NA,NA,NA,NA,NA,NA,NA,NA,NA
patch_25,visit_02,NA,NA,NA,NA,NA,NA,NA,NA,NA,NA
patch_26,visit_02,0,11.16666667,3,168,15.7,0,78.2,8,26,240
patch_27,visit_02,0,11.25,3,168,15.7,0,78.2,8,26,240
patch_28,visit_02,0,11.33333333,3,168,15.7,0,78.2,8,26,240
patch_29,visit_02,0,11.08138889,3,168,15.7,0,78.2,8,26,240
patch_30,visit_02,0,11.99027778,1,168,15.7,0,78.2,8,26,240
patch_31,visit_02,0,11.9975,1,168,15.7,0,78.2,8,26,240
patch_32,visit_02,0,12.01,1,168,15.2,0,77.1,8,29,240
patch_33,visit_02,0,12.03916667,1,168,15.2,0,77.1,8,29,240
patch_01,visit_03,0,11.39666667,2,169,17.1,0,73.1,0,9,240
patch_02,visit_03,0,11.54,1,169,17.1,0,73.1,0,9,240
patch_03,visit_03,0,11.54388889,1,169,17.1,0,73.1,0,9,240
patch_04,visit_03,0,11.54805556,1,169,17.1,0,73.1,0,9,240
patch_05,visit_03,0,11.56,1,169,17.1,0,73.1,0,9,240
patch_06,visit_03,0,11.56222222,1,169,17.1,0,73.1,0,9,240
patch_07,visit_03,0,11.56416667,1,169,17.1,0,73.1,0,9,240
patch_08,visit_03,0,11.57333333,1,169,17.1,0,73.1,0,9,240
patch_09,visit_03,0,11.59333333,1,169,17.1,0,73.1,0,9,240
patch_10,visit_03,0,11.63083333,1,169,17.1,0,73.1,0,9,240
patch_11,visit_03,0,11.63916667,1,169,17.1,0,73.1,0,9,240
patch_12,visit_03,0,11.65111111,1,169,17.1,0,73.1,0,9,240
patch_13,visit_03,0,11.65333333,1,169,17.1,0,73.1,0,9,240
patch_14,visit_03,0,13.76777778,2,169,17.4,0,72.3,0,13,240
patch_15,visit_03,0,13.63722222,2,169,17.4,0,72.3,0,13,240
patch_16,visit_03,0,13.71,2,169,17.4,0,72.3,0,13,240
patch_17,visit_03,0,13.61611111,2,169,17.4,0,72.3,0,13,240
patch_18,visit_03,0,13.55583333,2,169,17.4,0,72.3,0,13,240
patch_19,visit_03,1,12.91972222,3,169,18,0,71.2,0,11,230
patch_20,visit_03,0,13,1,169,17.4,0,72.3,0,13,240
patch_21,visit_03,0,13.11722222,1,169,17.4,0,72.3,0,13,240
patch_22,visit_03,0,12.27638889,1,169,18,0,71.2,0,11,230
patch_23,visit_03,NA,NA,NA,NA,NA,NA,NA,NA,NA,NA
patch_24,visit_03,NA,NA,NA,NA,NA,NA,NA,NA,NA,NA
patch_25,visit_03,NA,NA,NA,NA,NA,NA,NA,NA,NA,NA
patch_26,visit_03,1,12.2925,3,169,18,0,71.2,0,11,230
patch_27,visit_03,0,13.2975,2,169,17.4,0,72.3,0,13,240
patch_28,visit_03,0,12.63527778,2,169,18,0,71.2,0,11,230
patch_29,visit_03,0,13.26055556,2,169,17.4,0,72.3,0,13,240
patch_30,visit_03,0,14.07305556,1,169,18.2,0,64.2,0,14,240
patch_31,visit_03,0,14.08,1,169,18.2,0,64.2,0,14,240
patch_32,visit_03,0,14.08777778,1,169,18.2,0,64.2,0,14,240
patch_33,visit_03,0,14.11666667,1,169,18.2,0,64.2,0,14,240
patch_01,visit_04,0,11.24666667,2,170,22.6,0,51,0,2,70
patch_02,visit_04,0,11.39,1,170,22.6,0,51,0,2,70
patch_03,visit_04,0,11.39388889,1,170,22.6,0,51,0,2,70
patch_04,visit_04,0,11.39805556,1,170,22.6,0,51,0,2,70
patch_05,visit_04,0,11.41,1,170,22.6,0,51,0,2,70
patch_06,visit_04,0,11.41222222,1,170,22.6,0,51,0,2,70
patch_07,visit_04,0,11.41416667,1,170,22.6,0,51,0,2,70
patch_08,visit_04,0,11.42333333,1,170,22.6,0,51,0,2,70
patch_09,visit_04,0,11.44333333,1,170,22.6,0,51,0,2,70
patch_10,visit_04,0,11.48083333,1,170,22.6,0,51,0,2,70
patch_11,visit_04,0,11.48916667,1,170,22.6,0,51,0,2,70
patch_12,visit_04,0,11.50111111,1,170,22.6,0,51,0,2,70
patch_13,visit_04,0,11.50333333,1,170,22.6,0,51,0,2,70
patch_14,visit_04,1,13.05944444,3,170,24.6,0,36,0,9,250
patch_15,visit_04,0,12.58055556,3,170,24.2,0,39.4,0,4,250
patch_16,visit_04,0,12.81638889,3,170,24.2,0,39.4,0,4,250
patch_17,visit_04,1,12.07305556,3,170,24.2,0,39.4,0,4,250
patch_18,visit_04,0,11.84611111,3,170,22.6,0,51,0,2,70
patch_19,visit_04,1,11.91944444,3,170,22.6,0,51,0,2,70
patch_20,visit_04,0,13.60916667,2,170,24.6,0,36,0,9,250
patch_21,visit_04,NA,NA,NA,NA,NA,NA,NA,NA,NA,NA
patch_22,visit_04,NA,NA,NA,NA,NA,NA,NA,NA,NA,NA
patch_23,visit_04,NA,NA,NA,NA,NA,NA,NA,NA,NA,NA
patch_24,visit_04,NA,NA,NA,NA,NA,NA,NA,NA,NA,NA
patch_25,visit_04,0,12.27805556,1,170,24.2,0,39.4,0,4,250
patch_26,visit_04,1,12.35583333,2,170,24.2,0,39.4,0,4,250
patch_27,visit_04,0,13.71,2,170,24.6,0,36,0,9,250
patch_28,visit_04,0,11.87361111,2,170,22.6,0,51,0,2,70
patch_29,visit_04,1,11.81055556,3,170,22.6,0,51,0,2,70
patch_30,visit_04,0,13.81055556,2,170,24.6,0,36,0,9,250
patch_31,visit_04,0,13.84916667,1,170,24.6,0,36,0,9,250
patch_32,visit_04,0,13.88944444,1,170,24.6,0,36,0,9,250
patch_33,visit_04,0,13.90777778,1,170,24.6,0,36,0,9,250
patch_01,visit_05,0,11.35,2,171,24.3,0,55.5,0,9,200
patch_02,visit_05,0,11.49333333,1,171,24.3,0,55.5,0,9,200
patch_03,visit_05,0,11.49722222,1,171,24.3,0,55.5,0,9,200
patch_04,visit_05,0,11.50138889,1,171,24.3,0,55.5,0,9,200
patch_05,visit_05,0,11.51333333,1,171,24.3,0,55.5,0,9,200
patch_06,visit_05,0,11.51555556,1,171,24.3,0,55.5,0,9,200
patch_07,visit_05,0,11.5175,1,171,24.3,0,55.5,0,9,200
patch_08,visit_05,0,11.52666667,1,171,24.3,0,55.5,0,9,200
patch_09,visit_05,0,11.54666667,1,171,24.3,0,55.5,0,9,200
patch_10,visit_05,0,11.58416667,1,171,24.3,0,55.5,0,9,200
patch_11,visit_05,0,11.5925,1,171,24.3,0,55.5,0,9,200
patch_12,visit_05,0,11.60444444,1,171,24.3,0,55.5,0,9,200
patch_13,visit_05,0,11.60666667,1,171,24.3,0,55.5,0,9,200
patch_14,visit_05,1,12.23722222,3,171,25.2,0,51.5,0,8,250
patch_15,visit_05,0,13.13027778,2,171,25.4,0,51.7,0,6,210
patch_16,visit_05,0,13.46666667,2,171,25.4,0,51.7,0,6,210
patch_17,visit_05,0,13.15722222,2,171,25.4,0,51.7,0,6,210
patch_18,visit_05,0,13.18694444,1,171,25.4,0,51.7,0,6,210
patch_19,visit_05,0,13.28,3,171,25.4,0,51.7,0,6,210
patch_20,visit_05,0,16,1,171,24.7,0,58.1,0,3,270
patch_21,visit_05,NA,NA,NA,NA,NA,NA,NA,NA,NA,NA
patch_22,visit_05,NA,NA,NA,NA,NA,NA,NA,NA,NA,NA
patch_23,visit_05,NA,NA,NA,NA,NA,NA,NA,NA,NA,NA
patch_24,visit_05,NA,NA,NA,NA,NA,NA,NA,NA,NA,NA
patch_25,visit_05,NA,NA,NA,NA,NA,NA,NA,NA,NA,NA
patch_26,visit_05,0,13.37638889,3,171,25.4,0,51.7,0,6,210
patch_27,visit_05,0,13.4,2,171,25.4,0,51.7,0,6,210
patch_28,visit_05,0,13.44888889,2,171,25.4,0,51.7,0,6,210
patch_29,visit_05,0,13.24194444,3,171,25.4,0,51.7,0,6,210
patch_30,visit_05,0,13.53861111,1,171,25.4,0,51.7,0,6,210
patch_31,visit_05,0,13.54722222,1,171,25.4,0,51.7,0,6,210
patch_32,visit_05,0,13.56388889,1,171,25.4,0,51.7,0,6,210
patch_33,visit_05,0,13.57861111,1,171,25.4,0,51.7,0,6,210
patch_01,visit_06,NA,NA,NA,NA,NA,NA,NA,NA,NA,NA
patch_02,visit_06,NA,NA,NA,NA,NA,NA,NA,NA,NA,NA
patch_03,visit_06,NA,NA,NA,NA,NA,NA,NA,NA,NA,NA
patch_04,visit_06,NA,NA,NA,NA,NA,NA,NA,NA,NA,NA
patch_05,visit_06,NA,NA,NA,NA,NA,NA,NA,NA,NA,NA
patch_06,visit_06,NA,NA,NA,NA,NA,NA,NA,NA,NA,NA
patch_07,visit_06,NA,NA,NA,NA,NA,NA,NA,NA,NA,NA
patch_08,visit_06,NA,NA,NA,NA,NA,NA,NA,NA,NA,NA
patch_09,visit_06,NA,NA,NA,NA,NA,NA,NA,NA,NA,NA
patch_10,visit_06,NA,NA,NA,NA,NA,NA,NA,NA,NA,NA
patch_11,visit_06,NA,NA,NA,NA,NA,NA,NA,NA,NA,NA
patch_12,visit_06,NA,NA,NA,NA,NA,NA,NA,NA,NA,NA
patch_13,visit_06,NA,NA,NA,NA,NA,NA,NA,NA,NA,NA
patch_14,visit_06,NA,NA,NA,NA,NA,NA,NA,NA,NA,NA
patch_15,visit_06,NA,NA,NA,NA,NA,NA,NA,NA,NA,NA
patch_16,visit_06,NA,NA,NA,NA,NA,NA,NA,NA,NA,NA
patch_17,visit_06,NA,NA,NA,NA,NA,NA,NA,NA,NA,NA
patch_18,visit_06,NA,NA,NA,NA,NA,NA,NA,NA,NA,NA
patch_19,visit_06,NA,NA,NA,NA,NA,NA,NA,NA,NA,NA
patch_20,visit_06,NA,NA,NA,NA,NA,NA,NA,NA,NA,NA
patch_21,visit_06,NA,NA,NA,NA,NA,NA,NA,NA,NA,NA
patch_22,visit_06,NA,NA,NA,NA,NA,NA,NA,NA,NA,NA
patch_23,visit_06,NA,NA,NA,NA,NA,NA,NA,NA,NA,NA
patch_24,visit_06,NA,NA,NA,NA,NA,NA,NA,NA,NA,NA
patch_25,visit_06,NA,NA,NA,NA,NA,NA,NA,NA,NA,NA
patch_26,visit_06,NA,NA,NA,NA,NA,NA,NA,NA,NA,NA
patch_27,visit_06,NA,NA,NA,NA,NA,NA,NA,NA,NA,NA
patch_28,visit_06,NA,NA,NA,NA,NA,NA,NA,NA,NA,NA
patch_29,visit_06,NA,NA,NA,NA,NA,NA,NA,NA,NA,NA
patch_30,visit_06,NA,NA,NA,NA,NA,NA,NA,NA,NA,NA
patch_31,visit_06,NA,NA,NA,NA,NA,NA,NA,NA,NA,NA
patch_32,visit_06,NA,NA,NA,NA,NA,NA,NA,NA,NA,NA
patch_33,visit_06,NA,NA,NA,NA,NA,NA,NA,NA,NA,NA
patch_01,visit_07,NA,NA,NA,NA,NA,NA,NA,NA,NA,NA
patch_02,visit_07,NA,NA,NA,NA,NA,NA,NA,NA,NA,NA
patch_03,visit_07,NA,NA,NA,NA,NA,NA,NA,NA,NA,NA
patch_04,visit_07,NA,NA,NA,NA,NA,NA,NA,NA,NA,NA
patch_05,visit_07,NA,NA,NA,NA,NA,NA,NA,NA,NA,NA
patch_06,visit_07,NA,NA,NA,NA,NA,NA,NA,NA,NA,NA
patch_07,visit_07,NA,NA,NA,NA,NA,NA,NA,NA,NA,NA
patch_08,visit_07,NA,NA,NA,NA,NA,NA,NA,NA,NA,NA
patch_09,visit_07,NA,NA,NA,NA,NA,NA,NA,NA,NA,NA
patch_10,visit_07,NA,NA,NA,NA,NA,NA,NA,NA,NA,NA
patch_11,visit_07,NA,NA,NA,NA,NA,NA,NA,NA,NA,NA
patch_12,visit_07,NA,NA,NA,NA,NA,NA,NA,NA,NA,NA
patch_13,visit_07,NA,NA,NA,NA,NA,NA,NA,NA,NA,NA
patch_14,visit_07,NA,NA,NA,NA,NA,NA,NA,NA,NA,NA
patch_15,visit_07,NA,NA,NA,NA,NA,NA,NA,NA,NA,NA
patch_16,visit_07,NA,NA,NA,NA,NA,NA,NA,NA,NA,NA
patch_17,visit_07,NA,NA,NA,NA,NA,NA,NA,NA,NA,NA
patch_18,visit_07,NA,NA,NA,NA,NA,NA,NA,NA,NA,NA
patch_19,visit_07,NA,NA,NA,NA,NA,NA,NA,NA,NA,NA
patch_20,visit_07,NA,NA,NA,NA,NA,NA,NA,NA,NA,NA
patch_21,visit_07,NA,NA,NA,NA,NA,NA,NA,NA,NA,NA
patch_22,visit_07,NA,NA,NA,NA,NA,NA,NA,NA,NA,NA
patch_23,visit_07,NA,NA,NA,NA,NA,NA,NA,NA,NA,NA
patch_24,visit_07,NA,NA,NA,NA,NA,NA,NA,NA,NA,NA
patch_25,visit_07,NA,NA,NA,NA,NA,NA,NA,NA,NA,NA
patch_26,visit_07,NA,NA,NA,NA,NA,NA,NA,NA,NA,NA
patch_27,visit_07,NA,NA,NA,NA,NA,NA,NA,NA,NA,NA
patch_28,visit_07,NA,NA,NA,NA,NA,NA,NA,NA,NA,NA
patch_29,visit_07,NA,NA,NA,NA,NA,NA,NA,NA,NA,NA
patch_30,visit_07,NA,NA,NA,NA,NA,NA,NA,NA,NA,NA
patch_31,visit_07,NA,NA,NA,NA,NA,NA,NA,NA,NA,NA
patch_32,visit_07,NA,NA,NA,NA,NA,NA,NA,NA,NA,NA
patch_33,visit_07,NA,NA,NA,NA,NA,NA,NA,NA,NA,NA
patch_01,visit_08,0,11.73,2,174,14,0,67.2,8,21,240
patch_02,visit_08,0,11.88666667,2,174,14,0,67.2,8,21,240
patch_03,visit_08,0,11.89055556,1,174,14,0,67.2,8,21,240
patch_04,visit_08,0,11.89472222,1,174,14,0,67.2,8,21,240
patch_05,visit_08,0,11.90666667,1,174,14,0,67.2,8,21,240
patch_06,visit_08,0,11.90888889,1,174,14,0,67.2,8,21,240
patch_07,visit_08,0,11.91083333,1,174,14,0,67.2,8,21,240
patch_08,visit_08,0,11.92,1,174,14,0,67.2,8,21,240
patch_09,visit_08,0,11.94,1,174,14,0,67.2,8,21,240
patch_10,visit_08,0,11.9775,1,174,14,0,67.2,8,21,240
patch_11,visit_08,0,11.98583333,1,174,14,0,67.2,8,21,240
patch_12,visit_08,0,11.99777778,1,174,14,0,67.2,8,21,240
patch_13,visit_08,0,12,1,174,14,0,67.1,8,22,240
patch_14,visit_08,1,12.23333333,3,174,14,0,67.1,8,22,240
patch_15,visit_08,1,13.41083333,3,174,13.8,0,65.6,8,22,250
patch_16,visit_08,0,13.57666667,3,174,13.8,0,65.6,8,22,250
patch_17,visit_08,0,13.27555556,3,174,13.8,0,65.6,8,22,250
patch_18,visit_08,1,13.75888889,2,174,13.8,0,65.6,8,22,250
patch_19,visit_08,0,12.86277778,3,174,14,0,67.1,8,22,240
patch_20,visit_08,0,14.77861111,1,174,14.4,0,59.5,8,21,240
patch_21,visit_08,0,14.52416667,1,174,14.4,0,59.5,8,21,240
patch_22,visit_08,0,14.61,2,174,14.4,0,59.5,8,21,240
patch_23,visit_08,0,14.59583333,1,174,14.4,0,59.5,8,21,240
patch_24,visit_08,0,14.41944444,1,174,14.4,0,59.5,8,21,240
patch_25,visit_08,0,14.39666667,1,174,14.4,0,59.5,8,21,240
patch_26,visit_08,1,14.11611111,2,174,14.4,0,59.5,8,21,240
patch_27,visit_08,0,14.25388889,1,174,14.4,0,59.5,8,21,240
patch_28,visit_08,0,14.2475,1,174,14.4,0,59.5,8,21,240
patch_29,visit_08,0,13.89694444,2,174,13.8,0,65.6,8,22,250
patch_30,visit_08,0,15.37305556,2,174,14.6,0,63.1,8,18,250
patch_31,visit_08,0,15.38444444,1,174,14.6,0,63.1,8,18,250
patch_32,visit_08,0,15.39555556,1,174,14.6,0,63.1,8,18,250
patch_33,visit_08,0,15.41833333,1,174,14.6,0,63.1,8,18,250
patch_01,visit_09,0,11.69083333,2,175,16.1,0,89.6,8,20,230
patch_02,visit_09,0,11.8475,1,175,16.1,0,89.6,8,20,230
patch_03,visit_09,0,11.85138889,1,175,16.1,0,89.6,8,20,230
patch_04,visit_09,0,11.85555556,1,175,16.1,0,89.6,8,20,230
patch_05,visit_09,0,11.8675,1,175,16.1,0,89.6,8,20,230
patch_06,visit_09,0,11.86972222,1,175,16.1,0,89.6,8,20,230
patch_07,visit_09,0,11.87166667,1,175,16.1,0,89.6,8,20,230
patch_08,visit_09,0,11.88083333,1,175,16.1,0,89.6,8,20,230
patch_09,visit_09,0,11.90083333,1,175,16.1,0,89.6,8,20,230
patch_10,visit_09,0,11.93833333,1,175,16.1,0,89.6,8,20,230
patch_11,visit_09,0,11.94666667,1,175,16.1,0,89.6,8,20,230
patch_12,visit_09,0,11.95861111,1,175,16.1,0,89.6,8,20,230
patch_13,visit_09,0,11.96083333,1,175,16.1,0,89.6,8,20,230
patch_14,visit_09,1,12.95555556,3,175,15.8,0,92.7,8,23,220
patch_15,visit_09,0,12.87416667,2,175,15.8,0,92.7,8,23,220
patch_16,visit_09,0,12.85916667,2,175,15.8,0,92.7,8,23,220
patch_17,visit_09,0,12.81722222,2,175,15.8,0,92.7,8,23,220
patch_18,visit_09,0,13.32444444,2,175,15.9,0,91.3,8,23,220
patch_19,visit_09,0,12.69833333,3,175,15.8,0,92.7,8,23,220
patch_20,visit_09,0,12.77805556,1,175,15.8,0,92.7,8,23,220
patch_21,visit_09,0,12.73333333,1,175,15.8,0,92.7,8,23,220
patch_22,visit_09,0,12.74194444,1,175,15.8,0,92.7,8,23,220
patch_23,visit_09,0,12.75,1,175,15.8,0,92.7,8,23,220
patch_24,visit_09,0,12.49277778,1,175,15.8,0,92.7,8,23,220
patch_25,visit_09,1,12.48527778,1,175,15.8,0,92.7,8,23,220
patch_26,visit_09,0,12.25,3,175,15.8,0,92.7,8,23,220
patch_27,visit_09,0,12.33333333,3,175,15.8,0,92.7,8,23,220
patch_28,visit_09,0,12.41666667,3,175,15.8,0,92.7,8,23,220
patch_29,visit_09,0,12.07416667,3,175,15.8,0,92.7,8,23,220
patch_30,visit_09,0,12.085,2,175,15.8,0,92.7,8,23,220
patch_31,visit_09,0,12.21888889,1,175,15.8,0,92.7,8,23,220
patch_32,visit_09,0,12.18861111,1,175,15.8,0,92.7,8,23,220
patch_33,visit_09,0,12.16416667,1,175,15.8,0,92.7,8,23,220
patch_01,visit_10,0,11.5,2,176,15.2,0,85.4,8,13,230
patch_02,visit_10,0,11.65666667,1,176,15.2,0,85.4,8,13,230
patch_03,visit_10,0,11.66055556,1,176,15.2,0,85.4,8,13,230
patch_04,visit_10,0,11.66472222,1,176,15.2,0,85.4,8,13,230
patch_05,visit_10,0,11.67666667,1,176,15.2,0,85.4,8,13,230
patch_06,visit_10,0,11.67888889,1,176,15.2,0,85.4,8,13,230
patch_07,visit_10,0,11.68083333,1,176,15.2,0,85.4,8,13,230
patch_08,visit_10,0,11.69,1,176,15.2,0,85.4,8,13,230
patch_09,visit_10,0,12.02333333,1,176,16.2,0,82.2,8,16,230
patch_10,visit_10,0,12.04333333,1,176,16.2,0,82.2,8,16,230
patch_11,visit_10,0,12.08083333,1,176,16.2,0,82.2,8,16,230
patch_12,visit_10,0,12.08916667,1,176,16.2,0,82.2,8,16,230
patch_13,visit_10,0,12.10111111,1,176,16.2,0,82.2,8,16,230
patch_14,visit_10,1,13.02666667,3,176,15.3,0,87.9,8,20,230
patch_15,visit_10,1,12.15944444,3,176,16.2,0,82.2,8,16,230
patch_16,visit_10,1,12.31944444,3,176,16.2,0,82.2,8,16,230
patch_17,visit_10,1,12.47638889,3,176,16.2,0,82.2,8,16,230
patch_18,visit_10,0,11.78527778,3,176,15.2,0,85.4,8,13,230
patch_19,visit_10,1,14.03666667,3,176,18,0,79.1,8,16,230
patch_20,visit_10,0,14.09972222,1,176,18,0,79.1,8,16,230
patch_21,visit_10,0,14.72083333,1,176,18,0,79.1,8,16,230
patch_22,visit_10,0,14.74444444,1,176,18,0,79.1,8,16,230
patch_23,visit_10,0,14.78,1,176,18,0,79.1,8,16,230
patch_24,visit_10,0,15.28222222,1,176,17.8,0,78.9,8,14,230
patch_25,visit_10,0,14.91638889,1,176,18,0,79.1,8,16,230
patch_26,visit_10,1,14.38388889,3,176,18,0,79.1,8,16,230
patch_27,visit_10,0,14.3475,2,176,18,0,79.1,8,16,230
patch_28,visit_10,0,14.82027778,3,176,18,0,79.1,8,16,230
patch_29,visit_10,1,13.28416667,3,176,15.3,0,87.9,8,20,230
patch_30,visit_10,0,13.02666667,1,176,15.3,0,87.9,8,20,230
patch_31,visit_10,0,12.15944444,1,176,16.2,0,82.2,8,16,230
patch_32,visit_10,0,12.31944444,1,176,16.2,0,82.2,8,16,230
patch_33,visit_10,0,12.65777778,1,176,16.2,0,82.2,8,16,230
patch_01,visit_11,0,11.5,2,177,13.5,0,75.2,8,20,270
patch_02,visit_11,0,11.65666667,1,177,13.5,0,75.2,8,20,270
patch_03,visit_11,0,11.66055556,1,177,13.5,0,75.2,8,20,270
patch_04,visit_11,0,11.66472222,1,177,13.5,0,75.2,8,20,270
patch_05,visit_11,0,11.67666667,1,177,13.5,0,75.2,8,20,270
patch_06,visit_11,0,11.67888889,1,177,13.5,0,75.2,8,20,270
patch_07,visit_11,0,11.68083333,1,177,13.5,0,75.2,8,20,270
patch_08,visit_11,0,11.69,1,177,13.5,0,75.2,8,20,270
patch_09,visit_11,0,12.02333333,1,177,14.5,0,61.7,2,23,250
patch_10,visit_11,0,12.04333333,1,177,14.5,0,61.7,2,23,250
patch_11,visit_11,0,12.08083333,1,177,14.5,0,61.7,2,23,250
patch_12,visit_11,0,12.08916667,1,177,14.5,0,61.7,2,23,250
patch_13,visit_11,0,12.10111111,1,177,14.5,0,61.7,2,23,250
patch_14,visit_11,1,13.00666667,3,177,14.9,0,60,0,25,250
patch_15,visit_11,1,12.48277778,3,177,14.5,0,61.7,2,23,250
patch_16,visit_11,0,12.47333333,3,177,14.5,0,61.7,2,23,250
patch_17,visit_11,1,12.44833333,3,177,14.5,0,61.7,2,23,250
patch_18,visit_11,1,12.04388889,3,177,14.5,0,61.7,2,23,250
patch_19,visit_11,1,12.35972222,3,177,14.5,0,61.7,2,23,250
patch_20,visit_11,0,14.91361111,1,177,15.9,0,57.8,1,21,250
patch_21,visit_11,0,15.09694444,1,177,16.3,0,59.1,1,15,250
patch_22,visit_11,0,15.11722222,1,177,16.3,0,59.1,1,15,250
patch_23,visit_11,0,15.14305556,1,177,16.3,0,59.1,1,15,250
patch_24,visit_11,1,15.16166667,1,177,16.3,0,59.1,1,15,250
patch_25,visit_11,0,15.51888889,1,177,16.3,0,59.1,1,15,250
patch_26,visit_11,1,14.28916667,3,177,15.9,0,57.8,1,21,250
patch_27,visit_11,0,14.60083333,1,177,15.9,0,57.8,1,21,250
patch_28,visit_11,1,14.67222222,2,177,15.9,0,57.8,1,21,250
patch_29,visit_11,1,11.93527778,3,177,13.5,0,75.2,8,20,270
patch_30,visit_11,0,15.43472222,2,177,16.3,0,59.1,1,15,250
patch_31,visit_11,0,15.44611111,1,177,16.3,0,59.1,1,15,250
patch_32,visit_11,0,15.45722222,1,177,16.3,0,59.1,1,15,250
patch_33,visit_11,0,15.48,1,177,16.3,0,59.1,1,15,250
patch_01,visit_12,NA,NA,NA,NA,NA,NA,NA,NA,NA,NA
patch_02,visit_12,NA,NA,NA,NA,NA,NA,NA,NA,NA,NA
patch_03,visit_12,NA,NA,NA,NA,NA,NA,NA,NA,NA,NA
patch_04,visit_12,NA,NA,NA,NA,NA,NA,NA,NA,NA,NA
patch_05,visit_12,NA,NA,NA,NA,NA,NA,NA,NA,NA,NA
patch_06,visit_12,NA,NA,NA,NA,NA,NA,NA,NA,NA,NA
patch_07,visit_12,NA,NA,NA,NA,NA,NA,NA,NA,NA,NA
patch_08,visit_12,NA,NA,NA,NA,NA,NA,NA,NA,NA,NA
patch_09,visit_12,NA,NA,NA,NA,NA,NA,NA,NA,NA,NA
patch_10,visit_12,NA,NA,NA,NA,NA,NA,NA,NA,NA,NA
patch_11,visit_12,NA,NA,NA,NA,NA,NA,NA,NA,NA,NA
patch_12,visit_12,NA,NA,NA,NA,NA,NA,NA,NA,NA,NA
patch_13,visit_12,NA,NA,NA,NA,NA,NA,NA,NA,NA,NA
patch_14,visit_12,NA,NA,NA,NA,NA,NA,NA,NA,NA,NA
patch_15,visit_12,NA,NA,NA,NA,NA,NA,NA,NA,NA,NA
patch_16,visit_12,NA,NA,NA,NA,NA,NA,NA,NA,NA,NA
patch_17,visit_12,NA,NA,NA,NA,NA,NA,NA,NA,NA,NA
patch_18,visit_12,NA,NA,NA,NA,NA,NA,NA,NA,NA,NA
patch_19,visit_12,NA,NA,NA,NA,NA,NA,NA,NA,NA,NA
patch_20,visit_12,NA,NA,NA,NA,NA,NA,NA,NA,NA,NA
patch_21,visit_12,NA,NA,NA,NA,NA,NA,NA,NA,NA,NA
patch_22,visit_12,NA,NA,NA,NA,NA,NA,NA,NA,NA,NA
patch_23,visit_12,NA,NA,NA,NA,NA,NA,NA,NA,NA,NA
patch_24,visit_12,NA,NA,NA,NA,NA,NA,NA,NA,NA,NA
patch_25,visit_12,NA,NA,NA,NA,NA,NA,NA,NA,NA,NA
patch_26,visit_12,NA,NA,NA,NA,NA,NA,NA,NA,NA,NA
patch_27,visit_12,NA,NA,NA,NA,NA,NA,NA,NA,NA,NA
patch_28,visit_12,NA,NA,NA,NA,NA,NA,NA,NA,NA,NA
patch_29,visit_12,NA,NA,NA,NA,NA,NA,NA,NA,NA,NA
patch_30,visit_12,NA,NA,NA,NA,NA,NA,NA,NA,NA,NA
patch_31,visit_12,NA,NA,NA,NA,NA,NA,NA,NA,NA,NA
patch_32,visit_12,NA,NA,NA,NA,NA,NA,NA,NA,NA,NA
patch_33,visit_12,NA,NA,NA,NA,NA,NA,NA,NA,NA,NA
patch_01,visit_13,NA,NA,NA,NA,NA,NA,NA,NA,NA,NA
patch_02,visit_13,NA,NA,NA,NA,NA,NA,NA,NA,NA,NA
patch_03,visit_13,NA,NA,NA,NA,NA,NA,NA,NA,NA,NA
patch_04,visit_13,NA,NA,NA,NA,NA,NA,NA,NA,NA,NA
patch_05,visit_13,NA,NA,NA,NA,NA,NA,NA,NA,NA,NA
patch_06,visit_13,NA,NA,NA,NA,NA,NA,NA,NA,NA,NA
patch_07,visit_13,NA,NA,NA,NA,NA,NA,NA,NA,NA,NA
patch_08,visit_13,NA,NA,NA,NA,NA,NA,NA,NA,NA,NA
patch_09,visit_13,NA,NA,NA,NA,NA,NA,NA,NA,NA,NA
patch_10,visit_13,NA,NA,NA,NA,NA,NA,NA,NA,NA,NA
patch_11,visit_13,NA,NA,NA,NA,NA,NA,NA,NA,NA,NA
patch_12,visit_13,NA,NA,NA,NA,NA,NA,NA,NA,NA,NA
patch_13,visit_13,NA,NA,NA,NA,NA,NA,NA,NA,NA,NA
patch_14,visit_13,NA,NA,NA,NA,NA,NA,NA,NA,NA,NA
patch_15,visit_13,NA,NA,NA,NA,NA,NA,NA,NA,NA,NA
patch_16,visit_13,NA,NA,NA,NA,NA,NA,NA,NA,NA,NA
patch_17,visit_13,NA,NA,NA,NA,NA,NA,NA,NA,NA,NA
patch_18,visit_13,NA,NA,NA,NA,NA,NA,NA,NA,NA,NA
patch_19,visit_13,NA,NA,NA,NA,NA,NA,NA,NA,NA,NA
patch_20,visit_13,NA,NA,NA,NA,NA,NA,NA,NA,NA,NA
patch_21,visit_13,NA,NA,NA,NA,NA,NA,NA,NA,NA,NA
patch_22,visit_13,NA,NA,NA,NA,NA,NA,NA,NA,NA,NA
patch_23,visit_13,NA,NA,NA,NA,NA,NA,NA,NA,NA,NA
patch_24,visit_13,NA,NA,NA,NA,NA,NA,NA,NA,NA,NA
patch_25,visit_13,NA,NA,NA,NA,NA,NA,NA,NA,NA,NA
patch_26,visit_13,NA,NA,NA,NA,NA,NA,NA,NA,NA,NA
patch_27,visit_13,NA,NA,NA,NA,NA,NA,NA,NA,NA,NA
patch_28,visit_13,NA,NA,NA,NA,NA,NA,NA,NA,NA,NA
patch_29,visit_13,NA,NA,NA,NA,NA,NA,NA,NA,NA,NA
patch_30,visit_13,NA,NA,NA,NA,NA,NA,NA,NA,NA,NA
patch_31,visit_13,NA,NA,NA,NA,NA,NA,NA,NA,NA,NA
patch_32,visit_13,NA,NA,NA,NA,NA,NA,NA,NA,NA,NA
patch_33,visit_13,NA,NA,NA,NA,NA,NA,NA,NA,NA,NA
patch_01,visit_14,NA,NA,NA,NA,NA,NA,NA,NA,NA,NA
patch_02,visit_14,NA,NA,NA,NA,NA,NA,NA,NA,NA,NA
patch_03,visit_14,NA,NA,NA,NA,NA,NA,NA,NA,NA,NA
patch_04,visit_14,NA,NA,NA,NA,NA,NA,NA,NA,NA,NA
patch_05,visit_14,NA,NA,NA,NA,NA,NA,NA,NA,NA,NA
patch_06,visit_14,NA,NA,NA,NA,NA,NA,NA,NA,NA,NA
patch_07,visit_14,NA,NA,NA,NA,NA,NA,NA,NA,NA,NA
patch_08,visit_14,NA,NA,NA,NA,NA,NA,NA,NA,NA,NA
patch_09,visit_14,NA,NA,NA,NA,NA,NA,NA,NA,NA,NA
patch_10,visit_14,NA,NA,NA,NA,NA,NA,NA,NA,NA,NA
patch_11,visit_14,NA,NA,NA,NA,NA,NA,NA,NA,NA,NA
patch_12,visit_14,NA,NA,NA,NA,NA,NA,NA,NA,NA,NA
patch_13,visit_14,NA,NA,NA,NA,NA,NA,NA,NA,NA,NA
patch_14,visit_14,NA,NA,NA,NA,NA,NA,NA,NA,NA,NA
patch_15,visit_14,NA,NA,NA,NA,NA,NA,NA,NA,NA,NA
patch_16,visit_14,NA,NA,NA,NA,NA,NA,NA,NA,NA,NA
patch_17,visit_14,NA,NA,NA,NA,NA,NA,NA,NA,NA,NA
patch_18,visit_14,NA,NA,NA,NA,NA,NA,NA,NA,NA,NA
patch_19,visit_14,NA,NA,NA,NA,NA,NA,NA,NA,NA,NA
patch_20,visit_14,NA,NA,NA,NA,NA,NA,NA,NA,NA,NA
patch_21,visit_14,NA,NA,NA,NA,NA,NA,NA,NA,NA,NA
patch_22,visit_14,NA,NA,NA,NA,NA,NA,NA,NA,NA,NA
patch_23,visit_14,NA,NA,NA,NA,NA,NA,NA,NA,NA,NA
patch_24,visit_14,NA,NA,NA,NA,NA,NA,NA,NA,NA,NA
patch_25,visit_14,NA,NA,NA,NA,NA,NA,NA,NA,NA,NA
patch_26,visit_14,NA,NA,NA,NA,NA,NA,NA,NA,NA,NA
patch_27,visit_14,NA,NA,NA,NA,NA,NA,NA,NA,NA,NA
patch_28,visit_14,NA,NA,NA,NA,NA,NA,NA,NA,NA,NA
patch_29,visit_14,NA,NA,NA,NA,NA,NA,NA,NA,NA,NA
patch_30,visit_14,NA,NA,NA,NA,NA,NA,NA,NA,NA,NA
patch_31,visit_14,NA,NA,NA,NA,NA,NA,NA,NA,NA,NA
patch_32,visit_14,NA,NA,NA,NA,NA,NA,NA,NA,NA,NA
patch_33,visit_14,NA,NA,NA,NA,NA,NA,NA,NA,NA,NA
patch_01,visit_15,0,11.24666667,1,181,17.9,0,83.9,8,14,250
patch_02,visit_15,0,11.39,1,181,17.9,0,83.9,8,14,250
patch_03,visit_15,0,11.39388889,1,181,17.9,0,83.9,8,14,250
patch_04,visit_15,0,11.39805556,1,181,17.9,0,83.9,8,14,250
patch_05,visit_15,0,11.41,1,181,17.9,0,83.9,8,14,250
patch_06,visit_15,0,11.41222222,1,181,17.9,0,83.9,8,14,250
patch_07,visit_15,0,11.41416667,1,181,17.9,0,83.9,8,14,250
patch_08,visit_15,0,11.42333333,1,181,17.9,0,83.9,8,14,250
patch_09,visit_15,0,11.44333333,1,181,17.9,0,83.9,8,14,250
patch_10,visit_15,0,11.48083333,1,181,17.9,0,83.9,8,14,250
patch_11,visit_15,0,11.48916667,1,181,17.9,0,83.9,8,14,250
patch_12,visit_15,0,11.50111111,1,181,17.9,0,83.9,8,14,250
patch_13,visit_15,0,11.50333333,1,181,17.9,0,83.9,8,14,250
patch_14,visit_15,1,13.06027778,3,181,19.5,0,80.3,8,13,240
patch_15,visit_15,0,12.69944444,3,181,18.7,0,82,8,14,250
patch_16,visit_15,0,12.84583333,3,181,18.7,0,82,8,14,250
patch_17,visit_15,0,12.68305556,3,181,18.7,0,82,8,14,250
patch_18,visit_15,0,12.2575,3,181,18.7,0,82,8,14,250
patch_19,visit_15,1,11.81555556,3,181,17.9,0,83.9,8,14,250
patch_20,visit_15,0,15.44194444,2,181,21.5,0,80.4,4,13,250
patch_21,visit_15,0,15.02722222,1,181,21.5,0,80.4,4,13,250
patch_22,visit_15,1,15.10777778,2,181,21.5,0,80.4,4,13,250
patch_23,visit_15,0,15.11666667,2,181,21.5,0,80.4,4,13,250
patch_24,visit_15,1,15.15305556,2,181,21.5,0,80.4,4,13,250
patch_25,visit_15,1,15.30916667,2,181,21.5,0,80.4,4,13,250
patch_26,visit_15,1,14.17888889,3,181,20.5,0,80,8,13,250
patch_27,visit_15,0,12.5,3,181,18.7,0,82,8,14,250
patch_28,visit_15,0,12.57166667,1,181,18.7,0,82,8,14,250
patch_29,visit_15,1,11.86833333,3,181,17.9,0,83.9,8,14,250
patch_30,visit_15,0,15.86638889,2,181,21.5,0,80.4,4,13,250
patch_31,visit_15,0,15.87,1,181,21.5,0,80.4,4,13,250
patch_32,visit_15,0,15.88555556,1,181,21.5,0,80.4,4,13,250
patch_33,visit_15,0,15.89861111,1,181,21.5,0,80.4,4,13,250
patch_01,visit_16,0,10.34666667,2,182,15.4,0,81.1,8,5,70
patch_02,visit_16,0,10.49,1,182,15.4,0,81.1,8,5,70
patch_03,visit_16,0,10.49388889,1,182,15.4,0,81.1,8,5,70
patch_04,visit_16,0,10.49805556,1,182,15.4,0,81.1,8,5,70
patch_05,visit_16,0,10.51,1,182,15.4,0,81.1,8,5,70
patch_06,visit_16,0,10.51222222,1,182,15.4,0,81.1,8,5,70
patch_07,visit_16,0,10.51416667,1,182,15.4,0,81.1,8,5,70
patch_08,visit_16,0,10.52333333,1,182,15.4,0,81.1,8,5,70
patch_09,visit_16,0,10.54333333,1,182,15.4,0,81.1,8,5,70
patch_10,visit_16,0,10.58083333,1,182,15.4,0,81.1,8,5,70
patch_11,visit_16,0,10.58916667,1,182,15.4,0,81.1,8,5,70
patch_12,visit_16,0,10.60111111,1,182,15.4,0,81.1,8,5,70
patch_13,visit_16,0,10.60333333,1,182,15.4,0,81.1,8,5,70
patch_14,visit_16,0,12.18222222,2,182,15.8,0,83.2,8,8,70
patch_15,visit_16,1,11.83611111,2,182,16,0,80.7,8,5,80
patch_16,visit_16,0,11.93416667,1,182,16,0,80.7,8,5,80
patch_17,visit_16,0,11.73638889,2,182,16,0,80.7,8,5,80
patch_18,visit_16,1,11.57527778,2,182,16,0,80.7,8,5,80
patch_19,visit_16,1,13.47888889,3,182,15.6,0,81.8,8,7,80
patch_20,visit_16,1,11.53527778,1,182,16,0,80.7,8,5,80
patch_21,visit_16,0,13.67861111,2,182,15.6,0,81.8,8,7,80
patch_22,visit_16,0,13.73027778,2,182,15.6,0,81.8,8,7,80
patch_23,visit_16,0,13.75,2,182,15.6,0,81.8,8,7,80
patch_24,visit_16,0,13.77333333,2,182,15.6,0,81.8,8,7,80
patch_25,visit_16,1,13.13416667,2,182,15.6,0,81.8,8,7,80
patch_26,visit_16,0,13.07972222,1,182,15.6,0,81.8,8,7,80
patch_27,visit_16,0,12.51305556,1,182,15.8,0,83.2,8,8,70
patch_28,visit_16,0,12.61166667,1,182,15.8,0,83.2,8,8,70
patch_29,visit_16,0,11.6725,2,182,16,0,80.7,8,5,80
patch_30,visit_16,0,14.21444444,1,182,15.7,0,83.1,8,6,60
patch_31,visit_16,0,14.25416667,1,182,15.7,0,83.1,8,6,60
patch_32,visit_16,0,14.28333333,1,182,15.7,0,83.1,8,6,60
patch_33,visit_16,0,14.3,1,182,15.7,0,83.1,8,6,60
patch_01,visit_17,0,11.64333333,3,183,14.6,0,61.3,4,11,240
patch_02,visit_17,0,11.84333333,1,183,14.6,0,61.3,4,11,240
patch_03,visit_17,0,11.85444444,1,183,14.6,0,61.3,4,11,240
patch_04,visit_17,0,11.86555556,1,183,14.6,0,61.3,4,11,240
patch_05,visit_17,0,11.87666667,1,183,14.6,0,61.3,4,11,240
patch_06,visit_17,0,11.88777778,1,183,14.6,0,61.3,4,11,240
patch_07,visit_17,0,11.89888889,1,183,14.6,0,61.3,4,11,240
patch_08,visit_17,0,11.91,1,183,14.6,0,61.3,4,11,240
patch_09,visit_17,0,11.92111111,1,183,14.6,0,61.3,4,11,240
patch_10,visit_17,0,11.93222222,1,183,14.6,0,61.3,4,11,240
patch_11,visit_17,0,11.94277778,1,183,14.6,0,61.3,4,11,240
patch_12,visit_17,0,11.95527778,1,183,14.6,0,61.3,4,11,240
patch_13,visit_17,0,11.965,1,183,14.6,0,61.3,4,11,240
patch_14,visit_17,1,12.12333333,3,183,14.8,0,59.2,7,13,250
patch_15,visit_17,0,12.69944444,2,183,14.8,0,59.2,7,13,250
patch_16,visit_17,0,12.73805556,2,183,14.8,0,59.2,7,13,250
patch_17,visit_17,1,12.78638889,2,183,14.8,0,59.2,7,13,250
patch_18,visit_17,0,13.20222222,2,183,16.8,0,59.4,NA,13,260
patch_19,visit_17,1,13.2825,3,183,16.8,0,59.4,NA,13,260
patch_20,visit_17,0,13.29555556,2,183,16.8,0,59.4,NA,13,260
patch_21,visit_17,0,13.31611111,2,183,16.8,0,59.4,NA,13,260
patch_22,visit_17,0,13.32111111,2,183,16.8,0,59.4,NA,13,260
patch_23,visit_17,0,13,2,183,16.8,0,59.4,NA,13,260
patch_24,visit_17,0,14.42972222,2,183,15.8,0,58.7,2,13,250
patch_25,visit_17,1,13.95472222,2,183,16.8,0,59.4,NA,13,260
patch_26,visit_17,1,13.85861111,2,183,16.8,0,59.4,NA,13,260
patch_27,visit_17,0,13.21666667,2,183,16.8,0,59.4,NA,13,260
patch_28,visit_17,0,13.25361111,1,183,16.8,0,59.4,NA,13,260
patch_29,visit_17,1,13.4975,3,183,16.8,0,59.4,NA,13,260
patch_30,visit_17,0,16.23222222,1,183,16.1,0,45.8,1,8,280
patch_31,visit_17,0,15.73333333,1,183,15.6,0,53.8,6,9,270
patch_32,visit_17,0,15.75,1,183,15.6,0,53.8,6,9,270
patch_33,visit_17,0,15.77555556,1,183,15.6,0,53.8,6,9,270
patch_01,visit_18,0,11.38138889,2,184,15.5,0,60.2,5,11,220
patch_02,visit_18,0,11.69611111,1,184,15.5,0,60.2,5,11,220
patch_03,visit_18,0,11.77694444,1,184,15.5,0,60.2,5,11,220
patch_04,visit_18,0,11.79,1,184,15.5,0,60.2,5,11,220
patch_05,visit_18,0,11.79861111,1,184,15.5,0,60.2,5,11,220
patch_06,visit_18,0,11.8,1,184,15.5,0,60.2,5,11,220
patch_07,visit_18,0,11.80638889,1,184,15.5,0,60.2,5,11,220
patch_08,visit_18,0,11.81888889,1,184,15.5,0,60.2,5,11,220
patch_09,visit_18,0,11.90833333,1,184,15.5,0,60.2,5,11,220
patch_10,visit_18,0,11.95138889,1,184,15.5,0,60.2,5,11,220
patch_11,visit_18,0,11.96194444,1,184,15.5,0,60.2,5,11,220
patch_12,visit_18,0,11.96861111,1,184,15.5,0,60.2,5,11,220
patch_13,visit_18,0,11.97777778,1,184,15.5,0,60.2,5,11,220
patch_14,visit_18,1,12.34944444,3,184,15.7,0,65.1,0,13,220
patch_15,visit_18,0,11.69944444,2,184,15.5,0,60.2,5,11,220
patch_16,visit_18,0,13.02583333,2,184,14.8,0,68,5,17,220
patch_17,visit_18,0,13.03083333,2,184,14.8,0,68,5,17,220
patch_18,visit_18,1,13.46666667,3,184,14.8,0,68,5,17,220
patch_19,visit_18,1,13.91416667,3,184,14.8,0,68,5,17,220
patch_20,visit_18,0,13.96166667,2,184,14.8,0,68,5,17,220
patch_21,visit_18,0,14,2,184,15.3,0,63.8,3,16,230
patch_22,visit_18,0,13.76861111,2,184,14.8,0,68,5,17,220
patch_23,visit_18,0,13.8,2,184,14.8,0,68,5,17,220
patch_24,visit_18,0,13.82805556,2,184,14.8,0,68,5,17,220
patch_25,visit_18,0,13.85777778,3,184,14.8,0,68,5,17,220
patch_26,visit_18,1,13.40416667,3,184,14.8,0,68,5,17,220
patch_27,visit_18,0,13.49666667,1,184,14.8,0,68,5,17,220
patch_28,visit_18,0,13.5,1,184,14.8,0,68,5,17,220
patch_29,visit_18,0,13.27027778,3,184,14.8,0,68,5,17,220
patch_30,visit_18,0,14.22333333,1,184,15.3,0,63.8,3,16,230
patch_31,visit_18,0,14.24111111,1,184,15.3,0,63.8,3,16,230
patch_32,visit_18,0,14.27083333,1,184,15.3,0,63.8,3,16,230
patch_33,visit_18,0,14.28861111,1,184,15.3,0,63.8,3,16,230
patch_01,visit_19,0,11.235,2,185,15.2,0,78.6,8,24,230
patch_02,visit_19,0,11.47638889,1,185,15.2,0,78.6,8,24,230
patch_03,visit_19,0,11.52638889,1,185,15.2,0,78.6,8,24,230
patch_04,visit_19,0,11.53027778,1,185,15.2,0,78.6,8,24,230
patch_05,visit_19,0,11.53388889,1,185,15.2,0,78.6,8,24,230
patch_06,visit_19,0,11.53805556,1,185,15.2,0,78.6,8,24,230
patch_07,visit_19,0,11.54361111,1,185,15.2,0,78.6,8,24,230
patch_08,visit_19,0,11.56527778,1,185,15.2,0,78.6,8,24,230
patch_09,visit_19,0,11.63861111,1,185,15.2,0,78.6,8,24,230
patch_10,visit_19,0,11.68194444,1,185,15.2,0,78.6,8,24,230
patch_11,visit_19,0,11.69444444,1,185,15.2,0,78.6,8,24,230
patch_12,visit_19,0,11.40555556,1,185,15.2,0,78.6,8,24,230
patch_13,visit_19,0,11.72583333,1,185,15.2,0,78.6,8,24,230
patch_14,visit_19,0,12.085,3,185,15.8,0,76.9,8,25,230
patch_15,visit_19,1,12.32916667,3,185,15.8,0,76.9,8,25,230
patch_16,visit_19,0,12.34277778,1,185,15.8,0,76.9,8,25,230
patch_17,visit_19,0,12.40638889,1,185,15.8,0,76.9,8,25,230
patch_18,visit_19,0,12.47583333,2,185,15.8,0,76.9,8,25,230
patch_19,visit_19,1,13.18111111,3,185,16.5,0,79.8,8,26,230
patch_20,visit_19,0,13.14277778,1,185,16.5,0,79.8,8,26,230
patch_21,visit_19,0,13.07916667,1,185,16.5,0,79.8,8,26,230
patch_22,visit_19,0,13.06388889,1,185,16.5,0,79.8,8,26,230
patch_23,visit_19,0,13.1,1,185,16.5,0,79.8,8,26,230
patch_24,visit_19,0,13.82805556,1,185,16.5,0,79.8,8,26,230
patch_25,visit_19,1,12.89944444,2,185,15.8,0,76.9,8,25,230
patch_26,visit_19,1,12.68055556,2,185,15.8,0,76.9,8,25,230
patch_27,visit_19,0,13.49666667,1,185,16.5,0,79.8,8,26,230
patch_28,visit_19,0,12.77027778,1,185,15.8,0,76.9,8,25,230
patch_29,visit_19,1,13.59055556,2,185,16.5,0,79.8,8,26,230
patch_30,visit_19,0,13.93333333,2,185,16.5,0,79.8,8,26,230
patch_31,visit_19,0,13.95,1,185,16.5,0,79.8,8,26,230
patch_32,visit_19,0,13.96666667,1,185,16.5,0,79.8,8,26,230
patch_33,visit_19,0,13.98333333,1,185,16.5,0,79.8,8,26,230
patch_01,visit_20,NA,NA,NA,NA,NA,NA,NA,NA,NA,NA
patch_02,visit_20,NA,NA,NA,NA,NA,NA,NA,NA,NA,NA
patch_03,visit_20,NA,NA,NA,NA,NA,NA,NA,NA,NA,NA
patch_04,visit_20,NA,NA,NA,NA,NA,NA,NA,NA,NA,NA
patch_05,visit_20,NA,NA,NA,NA,NA,NA,NA,NA,NA,NA
patch_06,visit_20,NA,NA,NA,NA,NA,NA,NA,NA,NA,NA
patch_07,visit_20,NA,NA,NA,NA,NA,NA,NA,NA,NA,NA
patch_08,visit_20,NA,NA,NA,NA,NA,NA,NA,NA,NA,NA
patch_09,visit_20,NA,NA,NA,NA,NA,NA,NA,NA,NA,NA
patch_10,visit_20,NA,NA,NA,NA,NA,NA,NA,NA,NA,NA
patch_11,visit_20,NA,NA,NA,NA,NA,NA,NA,NA,NA,NA
patch_12,visit_20,NA,NA,NA,NA,NA,NA,NA,NA,NA,NA
patch_13,visit_20,NA,NA,NA,NA,NA,NA,NA,NA,NA,NA
patch_14,visit_20,NA,NA,NA,NA,NA,NA,NA,NA,NA,NA
patch_15,visit_20,NA,NA,NA,NA,NA,NA,NA,NA,NA,NA
patch_16,visit_20,NA,NA,NA,NA,NA,NA,NA,NA,NA,NA
patch_17,visit_20,NA,NA,NA,NA,NA,NA,NA,NA,NA,NA
patch_18,visit_20,NA,NA,NA,NA,NA,NA,NA,NA,NA,NA
patch_19,visit_20,NA,NA,NA,NA,NA,NA,NA,NA,NA,NA
patch_20,visit_20,NA,NA,NA,NA,NA,NA,NA,NA,NA,NA
patch_21,visit_20,NA,NA,NA,NA,NA,NA,NA,NA,NA,NA
patch_22,visit_20,NA,NA,NA,NA,NA,NA,NA,NA,NA,NA
patch_23,visit_20,NA,NA,NA,NA,NA,NA,NA,NA,NA,NA
patch_24,visit_20,NA,NA,NA,NA,NA,NA,NA,NA,NA,NA
patch_25,visit_20,NA,NA,NA,NA,NA,NA,NA,NA,NA,NA
patch_26,visit_20,NA,NA,NA,NA,NA,NA,NA,NA,NA,NA
patch_27,visit_20,NA,NA,NA,NA,NA,NA,NA,NA,NA,NA
patch_28,visit_20,NA,NA,NA,NA,NA,NA,NA,NA,NA,NA
patch_29,visit_20,NA,NA,NA,NA,NA,NA,NA,NA,NA,NA
patch_30,visit_20,NA,NA,NA,NA,NA,NA,NA,NA,NA,NA
patch_31,visit_20,NA,NA,NA,NA,NA,NA,NA,NA,NA,NA
patch_32,visit_20,NA,NA,NA,NA,NA,NA,NA,NA,NA,NA
patch_33,visit_20,NA,NA,NA,NA,NA,NA,NA,NA,NA,NA
patch_01,visit_21,NA,NA,NA,NA,NA,NA,NA,NA,NA,NA
patch_02,visit_21,NA,NA,NA,NA,NA,NA,NA,NA,NA,NA
patch_03,visit_21,NA,NA,NA,NA,NA,NA,NA,NA,NA,NA
patch_04,visit_21,NA,NA,NA,NA,NA,NA,NA,NA,NA,NA
patch_05,visit_21,NA,NA,NA,NA,NA,NA,NA,NA,NA,NA
patch_06,visit_21,NA,NA,NA,NA,NA,NA,NA,NA,NA,NA
patch_07,visit_21,NA,NA,NA,NA,NA,NA,NA,NA,NA,NA
patch_08,visit_21,NA,NA,NA,NA,NA,NA,NA,NA,NA,NA
patch_09,visit_21,NA,NA,NA,NA,NA,NA,NA,NA,NA,NA
patch_10,visit_21,NA,NA,NA,NA,NA,NA,NA,NA,NA,NA
patch_11,visit_21,NA,NA,NA,NA,NA,NA,NA,NA,NA,NA
patch_12,visit_21,NA,NA,NA,NA,NA,NA,NA,NA,NA,NA
patch_13,visit_21,NA,NA,NA,NA,NA,NA,NA,NA,NA,NA
patch_14,visit_21,NA,NA,NA,NA,NA,NA,NA,NA,NA,NA
patch_15,visit_21,NA,NA,NA,NA,NA,NA,NA,NA,NA,NA
patch_16,visit_21,NA,NA,NA,NA,NA,NA,NA,NA,NA,NA
patch_17,visit_21,NA,NA,NA,NA,NA,NA,NA,NA,NA,NA
patch_18,visit_21,NA,NA,NA,NA,NA,NA,NA,NA,NA,NA
patch_19,visit_21,NA,NA,NA,NA,NA,NA,NA,NA,NA,NA
patch_20,visit_21,NA,NA,NA,NA,NA,NA,NA,NA,NA,NA
patch_21,visit_21,NA,NA,NA,NA,NA,NA,NA,NA,NA,NA
patch_22,visit_21,NA,NA,NA,NA,NA,NA,NA,NA,NA,NA
patch_23,visit_21,NA,NA,NA,NA,NA,NA,NA,NA,NA,NA
patch_24,visit_21,NA,NA,NA,NA,NA,NA,NA,NA,NA,NA
patch_25,visit_21,NA,NA,NA,NA,NA,NA,NA,NA,NA,NA
patch_26,visit_21,NA,NA,NA,NA,NA,NA,NA,NA,NA,NA
patch_27,visit_21,NA,NA,NA,NA,NA,NA,NA,NA,NA,NA
patch_28,visit_21,NA,NA,NA,NA,NA,NA,NA,NA,NA,NA
patch_29,visit_21,NA,NA,NA,NA,NA,NA,NA,NA,NA,NA
patch_30,visit_21,NA,NA,NA,NA,NA,NA,NA,NA,NA,NA
patch_31,visit_21,NA,NA,NA,NA,NA,NA,NA,NA,NA,NA
patch_32,visit_21,NA,NA,NA,NA,NA,NA,NA,NA,NA,NA
patch_33,visit_21,NA,NA,NA,NA,NA,NA,NA,NA,NA,NA
patch_01,visit_22,0,11.34222222,2,188,13.4,0.2,72.1,8,9,330
patch_02,visit_22,0,11.34222222,2,188,13.4,0.2,72.1,8,9,330
patch_03,visit_22,0,11.61055556,1,188,13.4,0.2,72.1,8,9,330
patch_04,visit_22,0,11.62472222,1,188,13.4,0.2,72.1,8,9,330
patch_05,visit_22,0,11.64,1,188,13.4,0.2,72.1,8,9,330
patch_06,visit_22,0,11.64722222,1,188,13.4,0.2,72.1,8,9,330
patch_07,visit_22,0,11.65361111,1,188,13.4,0.2,72.1,8,9,330
patch_08,visit_22,0,11.655,1,188,13.4,0.2,72.1,8,9,330
patch_09,visit_22,0,11.69861111,1,188,13.4,0.2,72.1,8,9,330
patch_10,visit_22,0,11.76222222,1,188,13.4,0.2,72.1,8,9,330
patch_11,visit_22,0,11.78,1,188,13.4,0.2,72.1,8,9,330
patch_12,visit_22,0,11.81555556,1,188,13.4,0.2,72.1,8,9,330
patch_13,visit_22,0,11.82583333,1,188,13.4,0.2,72.1,8,9,330
patch_14,visit_22,0,11.96722222,3,188,13.4,0.2,72.1,8,9,330
patch_15,visit_22,0,13.63555556,2,188,14.8,0,67.1,8,7,150
patch_16,visit_22,0,13.6,2,188,14.8,0,67.1,8,7,150
patch_17,visit_22,0,13.61666667,2,188,14.8,0,67.1,8,7,150
patch_18,visit_22,0,12.53166667,1,188,13.4,0,65,8,8,350
patch_19,visit_22,0,12.55527778,3,188,13.4,0,65,8,8,350
patch_20,visit_22,0,13.51666667,2,188,14.8,0,67.1,8,7,150
patch_21,visit_22,0,13.17555556,1,188,14.8,0,67.1,8,7,150
patch_22,visit_22,0,13.21166667,2,188,14.8,0,67.1,8,7,150
patch_23,visit_22,0,13.31611111,2,188,14.8,0,67.1,8,7,150
patch_24,visit_22,0,13.37666667,2,188,14.8,0,67.1,8,7,150
patch_25,visit_22,1,12.9925,2,188,13.4,0,65,8,8,350
patch_26,visit_22,1,12.68972222,3,188,13.4,0,65,8,8,350
patch_27,visit_22,0,12.65361111,1,188,13.4,0,65,8,8,350
patch_28,visit_22,0,12.06777778,1,188,13.4,0,65,8,8,350
patch_29,visit_22,0,12.06111111,3,188,13.4,0,65,8,8,350
patch_30,visit_22,0,14.04805556,1,188,15.4,0,68,1,7,50
patch_31,visit_22,0,14.07166667,1,188,15.4,0,68,1,7,50
patch_32,visit_22,0,14.09194444,1,188,15.4,0,68,1,7,50
patch_33,visit_22,0,14.11972222,1,188,15.4,0,68,1,7,50
patch_01,visit_23,0,11.63333333,2,189,14.7,0,67.4,1,9,220
patch_02,visit_23,0,11.91861111,1,189,14.7,0,67.4,1,9,220
patch_03,visit_23,0,11.94472222,1,189,14.7,0,67.4,1,9,220
patch_04,visit_23,0,11.94888889,1,189,14.7,0,67.4,1,9,220
patch_05,visit_23,0,11.95805556,1,189,14.7,0,67.4,1,9,220
patch_06,visit_23,0,11.97944444,1,189,14.7,0,67.4,1,9,220
patch_07,visit_23,0,11.99333333,1,189,14.7,0,67.4,1,9,220
patch_08,visit_23,0,12.00388889,1,189,15.9,0,67.2,0,10,230
patch_09,visit_23,0,12.05388889,2,189,15.9,0,67.2,0,10,230
patch_10,visit_23,0,12.29222222,2,189,15.9,0,67.2,0,10,230
patch_11,visit_23,0,12.39333333,1,189,15.9,0,67.2,0,10,230
patch_12,visit_23,0,12.45861111,1,189,15.9,0,67.2,0,10,230
patch_13,visit_23,0,12.53555556,1,189,15.9,0,67.2,0,10,230
patch_14,visit_23,1,12.68333333,3,189,15.9,0,67.2,0,10,230
patch_15,visit_23,0,13.14166667,2,189,16.1,0,60.1,0,11,230
patch_16,visit_23,1,13.80055556,1,189,16.1,0,60.1,0,11,230
patch_17,visit_23,0,12.71972222,1,189,15.9,0,67.2,0,10,230
patch_18,visit_23,1,12.20555556,2,189,15.9,0,67.2,0,10,230
patch_19,visit_23,1,13.38805556,3,189,16.1,0,60.1,0,11,230
patch_20,visit_23,0,13.48333333,2,189,16.1,0,60.1,0,11,230
patch_21,visit_23,0,13.7,2,189,16.1,0,60.1,0,11,230
patch_22,visit_23,0,13.71666667,2,189,16.1,0,60.1,0,11,230
patch_23,visit_23,0,13.73333333,2,189,16.1,0,60.1,0,11,230
patch_24,visit_23,0,13.66305556,2,189,16.1,0,60.1,0,11,230
patch_25,visit_23,0,13.64666667,2,189,16.1,0,60.1,0,11,230
patch_26,visit_23,0,13.56111111,2,189,16.1,0,60.1,0,11,230
patch_27,visit_23,0,12.80972222,2,189,15.9,0,67.2,0,10,230
patch_28,visit_23,0,12.83916667,1,189,15.9,0,67.2,0,10,230
patch_29,visit_23,1,12.34972222,2,189,15.9,0,67.2,0,10,230
patch_30,visit_23,0,14.30277778,1,189,17.1,0,62.5,0,11,230
patch_31,visit_23,0,14.31472222,1,189,17.1,0,62.5,0,11,230
patch_32,visit_23,0,14.38722222,1,189,17.1,0,62.5,0,11,230
patch_33,visit_23,0,14.41055556,1,189,17.1,0,62.5,0,11,230
